audit_id,question,source_locator,implementation,status,affected_results,textual_record,correction_or_action,units,source_ids,limitations,version,uncertainty,uncertainty_status,run_id
AUD-001,Нормировка радиуса Хилла,arXiv-2609.03564v1/aa57101-25.tex:109; ZIP: пилотные sim_130.txt,Верхняя граница архивной сетки соответствует круговому Hill с 3 при диагностической реконструкции G.,resolved_formula_vs_input_domain,Границы исходной сетки и сравнение долей,В записи статьи нет 3 и есть (1-e_s).,Сохранить архивную область; для новой меры отдельно назвать RH0 и RHperi.,au; dimensionless,baseline_2609_03564v1;baseline_initial_conditions_zip_19820511,Инференция по трём пилотам и Гипериону; генератор не доступен.,audit-v1; archive-record-19820511; local-arxiv-v1-label,null,documentary_or_diagnostic_not_statistical; primary_GM_uncertainty_in_evidence,W0-audit-20261004T080424Z-6939c733
AUD-002,Масса Гипериона,arXiv-2609.03564v1/aa57101-25.tex:450; ZIP: Saturn/HYPERION/sim_1.txt и все 130 файлов; JPL SAT441 Hyperion,2.7915935367393023e-9 solar_mass во всех входах; архивная пропорция согласуется с завышением около 1000 раз.,confirmed_discrepancy_in_published_inputs,Сетка и доля Гипериона; влияние на результаты не измерено,5.55e21 kg; R=133 km.,Создать новый исправленный артефакт после паспорта; не менять ZIP.,kg; solar_mass; km,baseline_2609_03564v1;baseline_initial_conditions_zip_19820511;jpl_satellite_parameters_20261004,Код и фактический прогон авторов не удостоверены; JPL GM не подменён неизвестной массой.,audit-v1; archive-record-19820511; local-arxiv-v1-label,null,documentary_or_diagnostic_not_statistical; primary_GM_uncertainty_in_evidence,W0-audit-20261004T080424Z-6939c733
AUD-003,Масса 100-метрового тела,"arXiv-2609.03564v1/aa57101-25.tex:127,493; ZIP: все sim_*.txt",Радиус 6.684587122268447e-10 au; масса ~2.106539301466148e-21 solar_mass; сферическая масса 4.188790204786391e9 kg.,appendix_discrepancy_native_unit_not_fully_declared,Приливная оценка приложения; нормировка масс в L1,R=100 m; rho=1000 kg/m3; M_sub=4.9e9 kg в приложении.,В независимой версии вычислять массу из R и rho; подтвердить солнечную единицу.,m; kg/m3; kg; solar_mass,baseline_2609_03564v1;baseline_initial_conditions_zip_19820511,Согласованность с 4.18879e9 kg условна на солнечную единицу 1.98847e30 kg; она не записана в архиве.,audit-v1; archive-record-19820511; local-arxiv-v1-label,null,documentary_or_diagnostic_not_statistical; primary_GM_uncertainty_in_evidence,W0-audit-20261004T080424Z-6939c733
AUD-004,"Эпоха, оси и шкала времени","arXiv-2609.03564v1/aa57101-25.tex:128,153,158; ZIP README.txt и заголовки","Хозяин r=v=0; оси фиксированы; названы au, Sun Mass, Day, rad. Метаданные эпохи/шкалы/названия глобальных осей отсутствуют.",partially_specified_blocks_exact_reproduction,Точные состояния всех хозяев; геометрический запрос,2000-01-01 12:00; плоскость оскулирующей орбиты хозяина.,Оставить неизвестное null; задать собственный явный контракт для новых стартов.,au; au/day; day; rad,baseline_2609_03564v1;baseline_initial_conditions_zip_19820511,Не приравнивать календарную запись автоматически к JD 2451545 TDB/TT.,audit-v1; archive-record-19820511; local-arxiv-v1-label,null,documentary_or_diagnostic_not_statistical; primary_GM_uncertainty_in_evidence,W0-audit-20261004T080424Z-6939c733
AUD-005,Возмутители и J2 планеты,arXiv-2609.03564v1/aa57101-25.tex:130-153; app:force; ZIP body/field sections,"Входы содержат планеты/Солнце, Титан для сатурнианских хозяев кроме Титана и остальные галилеевы луны; J2 и полюс в файлах.",model_and_input_bodies_read_force_code_unverified,Модель L1 и верификация сил W2,"Луны-точки; J2 планеты, фиксированный спин; нет приливов и радиационных сил.",Проверить прямые/косвенные ускорения и обратную реакцию в W2; J2 Юпитера отдельно AUD-011.,dimensionless J2; au reference_radius,baseline_2609_03564v1;baseline_initial_conditions_zip_19820511,Формула P2 прочитана; знаки/единицы/нормировка реализации не проверены.,audit-v1; archive-record-19820511; local-arxiv-v1-label,null,documentary_or_diagnostic_not_statistical; primary_GM_uncertainty_in_evidence,W0-audit-20261004T080424Z-6939c733
AUD-006,Один независимый пробный объект,"arXiv-2609.03564v1/aa57101-25.tex:36,126,179; ZIP: 13000 inputs",В каждом опубликованном файле ровно один Sat_*; по 130 уникальных индексов на хозяина.,confirmed_in_text_and_published_inputs,Знаменатель исходных сеточных долей,130 separate N-body integrations each containing one hypothetical submoon.,Использовать 130 отдельных стартов; не моделировать взаимодействующий рой.,count,baseline_2609_03564v1;baseline_initial_conditions_zip_19820511,Чтение входа не является исполнением авторского runner.,audit-v1; archive-record-19820511; local-arxiv-v1-label,null,documentary_or_diagnostic_not_statistical; primary_GM_uncertainty_in_evidence,W0-audit-20261004T080424Z-6939c733
AUD-007,Начальная сетка и фазы,arXiv-2609.03564v1/aa57101-25.tex:171-180; ZIP: пилотные 130 файлов,Япет/Гималия: 10 радиусов и 13 наклонений; Ганимед: шесть немодальных стартов с отклонениями.,nominal_grid_read_ganymede_requires_clarification,Сеточные доли; независимый генератор; W1,10 a; e=0; i=0:15:180 deg; omega=Omega=M=0.,Сохранить исходники и список аномалий; независимые старты создать отдельно.,au; deg; rad; count,baseline_2609_03564v1;baseline_initial_conditions_zip_19820511,Uniform i не равна uniform cos(i); круговые углы вырождены. Исходы не раскрывались.,audit-v1; archive-record-19820511; local-arxiv-v1-label,null,documentary_or_diagnostic_not_statistical; primary_GM_uncertainty_in_evidence,W0-audit-20261004T080424Z-6939c733
AUD-008,Интегратор и допуски,"arXiv-2609.03564v1/aa57101-25.tex:158-160,332,339",Исходного кода/версий и отображения LL в параметры нет; численные тесты статьи только прочитаны.,documented_accuracy_parameter_actual_solver_unknown,Точное повторение и численный бюджет,Gauss-Radau Everhart; LL=13; LL12/13/14 Япет; IAS15 на 1e4 yr.,Не трактовать LL как порядок; независимый режим выбрать по W2.,dimensionless LL; yr,baseline_2609_03564v1,Нельзя переносить LL напрямую в epsilon IAS15; проверки статьи не закрывают наши ворота.,audit-v1; archive-record-19820511; local-arxiv-v1-label,null,documentary_or_diagnostic_not_statistical; primary_GM_uncertainty_in_evidence,W0-audit-20261004T080424Z-6939c733
AUD-009,События и горизонты,"arXiv-2609.03564v1/aa57101-25.tex:186-223,285-291",Операционное условие E2>0 останавливает интеграцию; пошаговый контакт. Исходные времена/типы потерь не опубликованы в ZIP.,operational_definition_read_no_dynamical_validation,Доли и причины потерь; чувствительность W2/W3,"r<=Ri+Rj; E=mu_reduced*v2/2-G*m0*m1/r>0; 1 Myr, выбранные серии 2 Myr.","Отделить операционный выход, терминальный уход, контакт и вычислительную аварию.",au; native_energy; yr,baseline_2609_03564v1,Определение года и локализация события неизвестны; нет вывода о вечной устойчивости.,audit-v1; archive-record-19820511; local-arxiv-v1-label,null,documentary_or_diagnostic_not_statistical; primary_GM_uncertainty_in_evidence,W0-audit-20261004T080424Z-6939c733
AUD-010,Доступность входов и кода,arXiv-2609.03564v1/aa57101-25.tex:313; Zenodo record 19820511; ZIP README.txt,"DOI и API HTTP200; ZIP 10836884 bytes, SHA/MD5/CRC проверены; 100 hosts, 13000 inputs, README.",inputs_acquired_code_and_outputs_not_in_bundle,Provenance и возможность независимого повторения,Заявлены исходные условия по DOI 10.5281/zenodo.19820511.,Хранить оригинал и манифест; не объявлять авторский код найденным.,bytes; count,baseline_initial_conditions_zenodo;baseline_initial_conditions_zip_19820511,Отсутствие кода в этом архиве не доказывает отсутствие публичного кода в других местах.,audit-v1; archive-record-19820511; local-arxiv-v1-label,null,documentary_or_diagnostic_not_statistical; primary_GM_uncertainty_in_evidence,W0-audit-20261004T080424Z-6939c733
AUD-011,J2 Юпитера: таблица против входов,arXiv-2609.03564v1/aa57101-25.tex:141; ZIP Jupiter/*/sim_*.txt JUPITER field,Архив 0.0147816729239112; статья 0.014696; отличие ~0.583%.,confirmed_table_vs_published_input_discrepancy,Юпитерианские серии L1,J2=0.014696; R_eq=71492 km.,Буквальный маршрут хранит вход; новая версия получает выбранный первичный набор.,dimensionless; km,baseline_2609_03564v1;baseline_initial_conditions_zip_19820511,Влияние на исходы не измерено; происхождение архивного коэффициента неизвестно.,audit-v1; archive-record-19820511; local-arxiv-v1-label,null,documentary_or_diagnostic_not_statistical; primary_GM_uncertainty_in_evidence,W0-audit-20261004T080424Z-6939c733
AUD-012,Радиусы и масса пилотных хозяев,"arXiv-2609.03564v1/aa57101-25.tex:367,371,451; JPL Ganymede/Himalia/Iapetus",Япет R=718 km против JPL среднего 734.30±2.80; Гималия m=9.50e18 kg против GM-эквивалента ~2.27e18 kg.,comparison_requires_primary_passports,Контакт/Roche/Hill пилота и чувствительность,Табличные радиусы не имеют определения/неопределённостей.,"Оформить W0-002 с первичными измерениями, определением радиуса и ковариациями.",kg; km; km3/s2,baseline_2609_03564v1;jpl_satellite_parameters_20261004,JPL агрегатор не заменяет чтение первичных решений; разные эпохи/определения не равны доказанной ошибке.,audit-v1; archive-record-19820511; local-arxiv-v1-label,null,documentary_or_diagnostic_not_statistical; primary_GM_uncertainty_in_evidence,W0-audit-20261004T080424Z-6939c733
AUD-013,Масштаб G и солнечная единица,ZIP headers; inferred v2*r/(m_host+m_sub); JPL constants,Диагностическая медиана G≈0.00029591220828559115 au3/(solar_mass day2); солнечная единица в кг не объявлена.,inferred_only_blocks_exact_units,"Физические масштабы, время и преобразования L1","В файлах только AU, Sun Mass, Day, rad.",Подтвердить единицы или зафиксировать собственную новую постановку; неизвестное оставить null.,au3/(solar_mass day2); kg,baseline_initial_conditions_zip_19820511;jpl_astrodynamic_parameters_20261004,"Заявление e=0 используется как допущение реконструкции, не как проверенное значение всех файлов.",audit-v1; archive-record-19820511; local-arxiv-v1-label,null,documentary_or_diagnostic_not_statistical; primary_GM_uncertainty_in_evidence,W0-audit-20261004T080424Z-6939c733
AUD-014,Неодинаковые массивные старты внутри сетки,"ZIP Jupiter/{CALLISTO,EUROPA,GANYMEDE,IO}/sim_*.txt","Каллисто 5, Европа 9, Ганимед 7, Ио 19 различных массивных состояний; вне модальных наборов 4/8/6/18 файлов.",source_consistency_check_failed,Точное повторение галилеевых сеток; Ганимед в пилоте,Статья задаёт общую календарную эпоху.,Исследовать происхождение; не заменять немодальные файлы молча и не считать их независимым holdout.,au; au/day; solar_mass; count,baseline_initial_conditions_zip_19820511,Причина и влияние на динамику неизвестны. Модальное состояние не объявлено истинным.,audit-v1; archive-record-19820511; local-arxiv-v1-label,null,documentary_or_diagnostic_not_statistical; primary_GM_uncertainty_in_evidence,W0-audit-20261004T080424Z-6939c733
