claim_id,claim,source_id,locator,check,status,limitations
SRC-AUD-001,В записи статьи нет 3 и есть (1-e_s).,baseline_2609_03564v1,arXiv-2609.03564v1/aa57101-25.tex:109; ZIP: пилотные sim_130.txt,Верхняя граница архивной сетки соответствует круговому Hill с 3 при диагностической реконструкции G.,read_with_explicit_limits,Инференция по трём пилотам и Гипериону; генератор не доступен.
SRC-AUD-002,5.55e21 kg; R=133 km.,baseline_2609_03564v1,arXiv-2609.03564v1/aa57101-25.tex:450; ZIP: Saturn/HYPERION/sim_1.txt и все 130 файлов; JPL SAT441 Hyperion,2.7915935367393023e-9 solar_mass во всех входах; архивная пропорция согласуется с завышением около 1000 раз.,read_with_explicit_limits,Код и фактический прогон авторов не удостоверены; JPL GM не подменён неизвестной массой.
SRC-AUD-003,R=100 m; rho=1000 kg/m3; M_sub=4.9e9 kg в приложении.,baseline_2609_03564v1,"arXiv-2609.03564v1/aa57101-25.tex:127,493; ZIP: все sim_*.txt",Радиус 6.684587122268447e-10 au; масса ~2.106539301466148e-21 solar_mass; сферическая масса 4.188790204786391e9 kg.,read_with_explicit_limits,Согласованность с 4.18879e9 kg условна на солнечную единицу 1.98847e30 kg; она не записана в архиве.
SRC-AUD-004,2000-01-01 12:00; плоскость оскулирующей орбиты хозяина.,baseline_2609_03564v1,"arXiv-2609.03564v1/aa57101-25.tex:128,153,158; ZIP README.txt и заголовки","Хозяин r=v=0; оси фиксированы; названы au, Sun Mass, Day, rad. Метаданные эпохи/шкалы/названия глобальных осей отсутствуют.",read_with_explicit_limits,Не приравнивать календарную запись автоматически к JD 2451545 TDB/TT.
SRC-AUD-005,"Луны-точки; J2 планеты, фиксированный спин; нет приливов и радиационных сил.",baseline_2609_03564v1,arXiv-2609.03564v1/aa57101-25.tex:130-153; app:force; ZIP body/field sections,"Входы содержат планеты/Солнце, Титан для сатурнианских хозяев кроме Титана и остальные галилеевы луны; J2 и полюс в файлах.",read_with_explicit_limits,Формула P2 прочитана; знаки/единицы/нормировка реализации не проверены.
SRC-AUD-006,130 separate N-body integrations each containing one hypothetical submoon.,baseline_2609_03564v1,"arXiv-2609.03564v1/aa57101-25.tex:36,126,179; ZIP: 13000 inputs",В каждом опубликованном файле ровно один Sat_*; по 130 уникальных индексов на хозяина.,read_with_explicit_limits,Чтение входа не является исполнением авторского runner.
SRC-AUD-007,10 a; e=0; i=0:15:180 deg; omega=Omega=M=0.,baseline_2609_03564v1,arXiv-2609.03564v1/aa57101-25.tex:171-180; ZIP: пилотные 130 файлов,Япет/Гималия: 10 радиусов и 13 наклонений; Ганимед: шесть немодальных стартов с отклонениями.,read_with_explicit_limits,Uniform i не равна uniform cos(i); круговые углы вырождены. Исходы не раскрывались.
SRC-AUD-008,Gauss-Radau Everhart; LL=13; LL12/13/14 Япет; IAS15 на 1e4 yr.,baseline_2609_03564v1,"arXiv-2609.03564v1/aa57101-25.tex:158-160,332,339",Исходного кода/версий и отображения LL в параметры нет; численные тесты статьи только прочитаны.,read_with_explicit_limits,Нельзя переносить LL напрямую в epsilon IAS15; проверки статьи не закрывают наши ворота.
SRC-AUD-009,"r<=Ri+Rj; E=mu_reduced*v2/2-G*m0*m1/r>0; 1 Myr, выбранные серии 2 Myr.",baseline_2609_03564v1,"arXiv-2609.03564v1/aa57101-25.tex:186-223,285-291",Операционное условие E2>0 останавливает интеграцию; пошаговый контакт. Исходные времена/типы потерь не опубликованы в ZIP.,read_with_explicit_limits,Определение года и локализация события неизвестны; нет вывода о вечной устойчивости.
SRC-AUD-010,Заявлены исходные условия по DOI 10.5281/zenodo.19820511.,baseline_initial_conditions_zenodo,arXiv-2609.03564v1/aa57101-25.tex:313; Zenodo record 19820511; ZIP README.txt,"DOI и API HTTP200; ZIP 10836884 bytes, SHA/MD5/CRC проверены; 100 hosts, 13000 inputs, README.",read_with_explicit_limits,Отсутствие кода в этом архиве не доказывает отсутствие публичного кода в других местах.
SRC-AUD-011,J2=0.014696; R_eq=71492 km.,baseline_2609_03564v1,arXiv-2609.03564v1/aa57101-25.tex:141; ZIP Jupiter/*/sim_*.txt JUPITER field,Архив 0.0147816729239112; статья 0.014696; отличие ~0.583%.,read_with_explicit_limits,Влияние на исходы не измерено; происхождение архивного коэффициента неизвестно.
SRC-AUD-012,Табличные радиусы не имеют определения/неопределённостей.,baseline_2609_03564v1,"arXiv-2609.03564v1/aa57101-25.tex:367,371,451; JPL Ganymede/Himalia/Iapetus",Япет R=718 km против JPL среднего 734.30±2.80; Гималия m=9.50e18 kg против GM-эквивалента ~2.27e18 kg.,read_with_explicit_limits,JPL агрегатор не заменяет чтение первичных решений; разные эпохи/определения не равны доказанной ошибке.
SRC-AUD-013,"В файлах только AU, Sun Mass, Day, rad.",baseline_initial_conditions_zip_19820511,ZIP headers; inferred v2*r/(m_host+m_sub); JPL constants,Диагностическая медиана G≈0.00029591220828559115 au3/(solar_mass day2); солнечная единица в кг не объявлена.,read_with_explicit_limits,"Заявление e=0 используется как допущение реконструкции, не как проверенное значение всех файлов."
SRC-AUD-014,Статья задаёт общую календарную эпоху.,baseline_initial_conditions_zip_19820511,"ZIP Jupiter/{CALLISTO,EUROPA,GANYMEDE,IO}/sim_*.txt","Каллисто 5, Европа 9, Ганимед 7, Ио 19 различных массивных состояний; вне модальных наборов 4/8/6/18 файлов.",read_with_explicit_limits,Причина и влияние на динамику неизвестны. Модальное состояние не объявлено истинным.
SRC-IAP-001,Table 4 Current: GMIapetus=120.51511 +/-0.00727 km3/s2; note 3sigma.,jacobson2022_sat441,"Table 4, p.6; section 4.2, p.5",Визуально сверены таблица/сноска; номинал совпадает с округлением официального PCK.,primary_relevant_sections_read,Ковариация не получена; точность PCK не равна числу значащих знаков измерения.
SRC-IAP-002,Table 1: Rvol=734.3 +/-2.8 km; axes=745.7/745.7/712.1 km; errors 2sigma; oblate fit.,thomas2010_shapes,"Table 1, footnote a, section 1, p.396","Визуально сверены численные столбцы и сноски, прочитан метод ошибок.",primary_relevant_sections_read,"Допустимые оси связаны; нет полной числовой ковариации, средний радиус не контактная поверхность."
SRC-IAP-003,Table 5: R=734.30 +/-2.80 km; общая пометка 1sigma.,jacobson2022_sat441,"Table 5, p.6",Визуально подтверждён конфликт с Thomas Table 1; W0-I004.,primary_relevant_sections_read,Не является независимым измерением радиуса; первичная трактовка сохранена.
SRC-HIM-001,JUP344 Himalia 506 GM=1.515524299611265E-01.,jup344_comments_20261004,Satellite Ephemeris File Summary; local line 146,Прочитана строка первичного решения и GM Юпитера; округление соответствует JPL.,primary_relevant_sections_read,Комментарий не даёт sigma или ковариацию.
SRC-HIM-002,Table 5 Himalia mean radius 85±10 km.,archinal2018_wgccre,Table 5 p.29; section 7 p.36,Визуально сверены размер и оговорка о разных значениях ошибок.,official_compilation_relevant_sections_read,Первичный Cruikshank1977 не получен; не принять как проверенное измерение объёма.
SRC-HIM-003,Table 3 effective diameter Himalia 139.6±1.7 km.,grav2015_neowise,Published Table 3 and section 4.1 p.4,Визуально подтверждён опубликованный эффективный диаметр; D/2=69.8±0.85 km.,primary_relevant_sections_read,Эффективный тепловой размер не определяет объём/контакт; sigma и полная систематика здесь не установлены.
SRC-HIM-004,"Two visible radii 75±10 by 60±10 km, conditional axis identification.",porco2003_himalia_extract,"p.1546, Himalia paragraph, Fig.7, notes 54/55",Визуально сверены размеры и условие отождествления с главными осями.,author_hosted_primary_extract_read,"Только авторское извлечение, не вся статья; третья полуось не известна."
SRC-GANY-001,Две части JUP365.26 дают один и тот же номинальный GM Ganymede503.,jup365_comments_20261004,lines77/144; Additional Constants,"SHA, две строки и округление сводки JPL",read_primary_nominal_with_limits,Sigma/covariance и нормировка поля спутника не приняты.
SRC-GANY-002,IAU Table5: Ganymede2631.2±1.7km; три столбца Same.,archinal2018_wgccre,Table5 p29; section7 p36,Текст и визуальная сверка таблицы,read_compilation_with_primary_gap,Не измеренные независимые полуоси; оригинал Anderson2001 не получен.
SRC-GANY-003,"Schenk2025: форма предварительная, продолжается проверка искажений камеры.",schenk2025_shapes_lpsc,Shape Models p1; Ganymede and Data Repository p2,Обе страницы оригинального PDF прочитаны/визуально сверены,read_preliminary_primary_report,Без принятой таблицы осей/ошибок и без проверки сегодняшней доступности архивной модели.
SRC-L1-001,В обоих блоках Himalia 506 JUP347 GM=1.515524299611265E-01 km3/s2; применено DE-0442/LE-0442.,jup347_comments_20261004,data/raw/W0-l1-sources-20261004/jup347.cmt:274-367,Выбор тела и версии; согласие прямого/обратного блоков и точное сравнение с JUP344.,primary_constants_verified,Без ковариации/SPK/оценки динамической совместимости.
