claim_id,statement,stage,run_ids,source_ids,check_ids,status,limitations
W0-CL001,Локальный комплект содержит 12 файлов и все семь подключённых PDF; DOI даёт доступ к 13000 опубликованных входов для 100 хозяев.,W0,W0-audit-20261004T080424Z-6939c733,baseline_2609_03564v1;baseline_initial_conditions_zip_19820511,W0-C001,supported_source_audit,"Не удостоверяет внешний arXiv ID, исполнение авторским кодом или научную достаточность."
W0-CL002,Завышенная масса Гипериона присутствует в опубликованных входах и согласуется с табличным завышением примерно 1000 раз относительно JPL SAT441.,W0,W0-audit-20261004T080424Z-6939c733,baseline_2609_03564v1;baseline_initial_conditions_zip_19820511;jpl_satellite_parameters_20261004,W0-C001,supported_source_audit,"Код авторов и влияние на долю не проверены; солнечная единица не объявлена, сравнение также использует относительные массы."
W0-CL003,Диагностика верхней границы опубликованных сеток трёх пилотных хозяев и Гипериона согласуется с круговым Hill с множителем 3.,W0,W0-audit-20261004T080424Z-6939c733,baseline_2609_03564v1;baseline_initial_conditions_zip_19820511,W0-C001,supported_conditional_diagnostic,G восстановлен под допущением круговых стартов; проверка генератора и истинного G не выполнена.
W0-CL004,Внутри галилеевых сеток есть 36 файлов вне наиболее частых массивных состояний; в пилоте Ганимеда их шесть.,W0,W0-audit-20261004T080424Z-6939c733,baseline_initial_conditions_zip_19820511,W0-C002,supported_source_audit,Причина различий и динамическое влияние не установлены; наиболее частое состояние не объявлено истинным.
W0-CL005,Сферическая масса при R=100 m и rho=1000 kg/m3 равна 4.1887902048e9 kg; значение приложения 4.9e9 kg выше на 16.9789%.,W0,W0-audit-20261004T080424Z-6939c733,baseline_2609_03564v1,W0-C001,supported_arithmetic,"Это проверка согласованности заявленных модельных чисел, а не измерение реального тела."
W0-CL006,"Номинальные GM Япета 120.5151060137642 km3/s2, средний объёмный радиус 734.3 km и осесимметричные полуоси 745.7/745.7/712.1 km прослежены до SAT441 и первичных статей; уровни ошибок GM 3sigma, формы 2sigma сохранены.",W0,W0-iapetus-20261004T084620Z-6c6961d1,sat441_pck_20261004;jacobson2022_sat441;thomas2010_shapes,W0-C004,supported_primary_parameter_audit,"Ковариации/распределения неизвестны; вращение, поле, состояния, поверхность контакта и динамика не приняты."
W0-CL007,Архивный радиус Япета 718 km меньше среднего объёмного радиуса Thomas на 16.3 km (2.2198% от 734.3 km).,W0,W0-iapetus-20261004T084620Z-6c6961d1,baseline_initial_conditions_zip_19820511;thomas2010_shapes;jpl_astrodynamic_parameters_20261004,W0-C004,supported_parameter_comparison,Архивное определение радиуса неизвестно; величина эффекта на исходы не вычислена.
W0-CL008,"Для одинаковых 734.3 +/- 2.8 km Thomas (2010) указывает 2sigma, а Jacobson (2022) Table 5 имеет общую пометку 1sigma; это конфликт документальной трактовки ошибки.",W0,W0-iapetus-20261004T084620Z-6c6961d1,thomas2010_shapes;jacobson2022_sat441,W0-C004,supported_primary_source_conflict,"Приоритет первичного измерения принят W0-D004; авторское уточнение не получено, Gaussian-модель не назначена."
W0-CL009,Номинальный GM Гималии 0.1515524299611265 km3/s2 прослежен до первичного JUP344; ошибка 0.05763 km3/s2 сохранена отдельно как сводка JPL с неизвестным sigma.,W0,W0-himalia-20261004T092718Z-6c436957,jup344_comments_20261004;jpl_satellite_parameters_20261004,W0-C005,supported_nominal_primary_parameter_audit,Sigma/ковариация/распределение ошибки не получены; полный документ о погрешности JUP344 не принят.
W0-CL010,Для Гималии IAU даёт сводочный средний радиус 85±10 km; первичный WISE эффективный радиус 69.8±0.85 km и Cassini две видимые полуоси 75±10 и 60±10 km хранятся раздельно.,W0,W0-himalia-20261004T092718Z-6c436957,archinal2018_wgccre;grav2015_neowise;porco2003_himalia_extract,W0-C005,supported_source_role_and_size_audit,Компиляция не является проверенным первичным объёмом; третья ось и физическая контактная поверхность неизвестны. Ошибки не назначены Gaussian.
W0-CL011,Во всех 130 входах Гималии архивное m_host/m_Jupiter в 4.1840314518 раза больше GM_host/GM_Jupiter JUP344; условный множитель кругового Hill при фиксированных a и планете равен 1.6113812782.,W0,W0-himalia-20261004T092718Z-6c436957,baseline_initial_conditions_zip_19820511;jup344_comments_20261004,W0-C005,supported_relative_parameter_comparison,"Солнечная единица не назначалась; это сравнение номиналов и аналитический масштаб, не статистическая значимость, исходы или динамический эффект."
W0-CL012,Номинал GM Ганимеда 9887.832752719638 km3/s2 одинаков в обеих частях JUP365.26; ошибка 0.00247 из сводки JPL имеет неизвестный первичный sigma.,W0,W0-ganymede-20261004T101524Z-e214b267,jup365_comments_20261004;jpl_satellite_parameters_20261004,W0-C006,supported_nominal_primary_parameter_audit,Первичный IOM и совместная ковариация не получены; независимая/Gaussian выборка и production не разрешены.
W0-CL013,"Радиус Ганимеда 2631.2±1.7 km и Same в трёх столбцах осей подтверждены по IAU Table5; это сводочная сфера, измеренные оси и объём в паспорте остаются null.",W0,W0-ganymede-20261004T101524Z-e214b267,archinal2018_wgccre;zubarev2015_dlr_metadata;schenk2025_shapes_lpsc,W0-C006,supported_compilation_role_with_primary_source_gap,Anderson2001 и полный Zubarev2015 не получены; предварительный Schenk2025 не задаёт принятую контактную поверхность и sigma.
W0-CL014,"В 130 архивных входах Ганимеда 124 одинаковых массивных старта и 6 уникальных иных: sim1,11,21,101,111,121. Меняются расстояния, поэтому общий поворот осей не объясняет все различия.",W0,W0-ganymede-20261004T101524Z-e214b267,baseline_initial_conditions_zip_19820511,W0-C006,supported_published_archive_heterogeneity_audit,Модальность не удостоверяет правильность/эпоху. Все исходники сохранены; W0-C002 остаётся failed. Динамический эффект не измерен.
W0-CL015,"Получены 26 геометрических векторов Horizons: 10 SSB-тел и 3 прямых контроля, два момента; JD2451545.0 TDB, ICRF/FRAME, NONE. Для трёх хозяев созданы собственные относительные состояния.",W0,W0-states-20261004T104417Z-eacbd97e,jpl_horizons_geometric_states_v1,W0-C007,supported_geometric_snapshot,Новая выбранная эпоха не устанавливает неизвестные атрибуты архивной статьи; W0/W2 открыты.
W0-CL016,Для трёх хозяев в двух моментах разностные SSB-векторы планет совпадают с прямыми в пределах max 2.132e-7 km и 2.929e-15 km/s; offline replay точно воспроизводит массивы без сети.,W0,W0-states-20261004T104417Z-eacbd97e;W0-states-20261004T104637Z-9b627c86,jpl_horizons_geometric_states_v1,W0-C007,supported_coordinate_transform_and_offline_replay,"Это контроль преобразования внутри одного Horizons, не независимая метрология эфемерид."
W0-CL017,"В полученном снимке Гималия использует jup347_merged_DE442, а принятый номинал GM паспорта прослежен до JUP344.",W0,W0-states-20261004T104417Z-eacbd97e,jpl_horizons_geometric_states_v1;jup344_comments_20261004,W0-C007,supported_ephemeris_version_difference,"Совместимость динамической модели не проверена; GM автоматически не заменялся, W0-I007 открыта."
W0-CL018,GM Himalia 506 в JUP344 и обоих временных блоках JUP347 точно одинаков: 0.1515524299611265 km3/s2.,W0,W0-L1-20261004T113500Z-051c42bc,jup344_comments_20261004;jup347_comments_20261004,W0-C008,supported_scoped_primary_constant_audit,Не новая sigma/ковариация и не доказательство совместимости состояний/сил.
W0-CL019,Константы блоков Гималии JUP344/JUP347 различаются: 500GM delta=-0.2160158 km3/s2; GM10 delta=168.9030 km3/s2; J502 delta=3.3811368e-10.,W0,W0-L1-20261004T113500Z-051c42bc,jup344_comments_20261004;jup347_comments_20261004,W0-C008,supported_scoped_constants_comparison,Имена констант не принимаются автоматически как GM физических центров; динамический эффект не измерен.
W0-CL020,"Рабочая L1 v0.2 связывает паспорта и снимок v1 по SHA; архивный контракт сохранён, собственный безмассовый маршрут и операционные события обозначены явно.",W0,W0-L1-20261004T113500Z-051c42bc,programme;baseline_2609_03564v1;jpl_horizons_geometric_states_v1,W0-C008,supported_configuration_contract,28 contract checks не верифицируют силы/генератор/события/интегратор; W0/W2 открыты.
W0-CL021,Аудит качества: 334 зарегистрированных хеша исторических артефактов и 147 записей SHA источников совпали; штатные маршруты W0 повторены.,W0,W0-quality-20261004T132629Z-2a4eec19,programme,W0-C009,supported_quality_review,Проверка локального среза; не backup/restore и не сертификация динамики.
W0-CL022,Валидатор L1 v0.2 допускает чтение файла состояний вне inputs_sha256; отрицательная проба с delta_x=1e6 km прошла 28/28 и не сохранила фактический вход в manifest.,W0,W0-review-independent-20261004T132656Z-937b6079,programme,W0-C010,supported_implementation_defect,"Синтетическая отрицательная проба; канонические состояния не менялись, ошибки их чисел не установлены."
W0-CL023,Десять недопустимых изменений контракта L1 не отклонены проверкой функции; комбинированный неправильный конфиг прошёл CLI.,W0,W0-quality-20261004T132629Z-2a4eec19,programme,W0-C010,supported_implementation_defect,Дефект покрытия валидатора; не результат физических интеграций.
W0-CL024,Независимое чтение 520 стартов подтвердило условную Hill-нормировку и шесть немодальных стартов Ганимеда; Decimal-геометрия укладывается в прежние допуски.,W0,W0-review-independent-20261004T132656Z-937b6079,programme,W0-C011,supported_independent_arithmetic,Общий источник Horizons; не независимая метрология и не подтверждение авторского генератора.
W0-CL025,"Нижние границы Япета/Гималии/Гипериона отличаются от точной формулы Roche множителем 1.00006266274, совпадающим с 1.26/2^(1/3).",W0,W0-review-independent-20261004T132656Z-937b6079,programme,W0-C011,supported_conditional_diagnostic,Указание на округлённый коэффициент по входам; код авторского генератора не получен.
W0-CL026,Исправленная приёмка L1 отклоняет недопустимые конфиги и непривязанные/несогласованные состояния; сквозная проверка архитектуры проходит 101 pytest.,W0,W0-remediation-20261005T093547Z-f47ccf88,programme,W0-C012,supported_architecture_remediation,Не сертификация физики и не завершение W0; исторические ограничения сохраняются.
W1-CL001,Три условные меры и преобразование собственных стартов проверены на синтетическом контроле с независимыми рандомизациями.,W1,W1-sampling-20261005T093441Z-e7b1dbac,programme,W1-C001,supported_synthetic_sampling,Не реальные области/пилот; покрытие интервалов V06 и freeze не приняты.
W2-CL001,Строгий V02 не проходит для высоких эксцентриситетов: DOP853 e=0.9/0.99 и IAS15 e=0.99 нарушают заданные допуски.,W2,W2-analytic-20261005T085951Z-103e3d09,programme,W2-C001,supported_failed_numerical_control,Синтетические единицы; сохранённые допуски не позволяют принять режим для реального пилота.
